"index","type","DRB1*01:01","DRB1*01:02","DRB1*01:03","DRB1*01:06","DRB1*03:01","DRB1*03:02","DRB1*03:03","DRB1*03:04","DRB1*03:05","DRB1*03:07","DRB1*04:01","DRB1*04:02","DRB1*04:03","DRB1*04:04","DRB1*04:05","DRB1*04:06","DRB1*04:07","DRB1*04:08","DRB1*04:09","DRB1*04:10","DRB1*04:11","DRB1*04:13","DRB1*04:15","DRB1*04:17","DRB1*04:18","DRB1*07:01","DRB1*08:01","DRB1*08:02","DRB1*08:03","DRB1*08:04","DRB1*08:05","DRB1*08:06","DRB1*08:09","DRB1*08:10","DRB1*08:11","DRB1*08:13","DRB1*09:01","DRB1*09:02","DRB1*10:01","DRB1*11:01","DRB1*11:02","DRB1*11:03","DRB1*11:04","DRB1*11:05","DRB1*11:06","DRB1*11:07","DRB1*11:08","DRB1*11:09","DRB1*11:10","DRB1*11:11","DRB1*11:13","DRB1*11:14","DRB1*11:15","DRB1*11:17","DRB1*11:19","DRB1*12:01","DRB1*12:02","DRB1*12:03","DRB1*12:04","DRB1*12:05","DRB1*13:01","DRB1*13:02","DRB1*13:03","DRB1*13:04","DRB1*13:05","DRB1*13:06","DRB1*13:07","DRB1*13:08","DRB1*13:09","DRB1*13:10","DRB1*13:11","DRB1*13:12","DRB1*13:14","DRB1*13:15","DRB1*13:16","DRB1*13:18","DRB1*13:19","DRB1*13:20","DRB1*13:21","DRB1*13:24","DRB1*13:27","DRB1*13:31","DRB1*14:01","DRB1*14:02","DRB1*14:03","DRB1*14:04","DRB1*14:05","DRB1*14:06","DRB1*14:07","DRB1*14:08","DRB1*14:10","DRB1*14:11","DRB1*14:12","DRB1*14:15","DRB1*14:16","DRB1*14:17","DRB1*14:18","DRB1*14:19","DRB1*14:20","DRB1*14:24","DRB1*14:54","DRB1*15:01","DRB1*15:02","DRB1*15:03","DRB1*15:04","DRB1*15:06","DRB1*16:01","DRB1*16:02","DRB1*16:04","DRB1*16:08","DRB3*01:01","DRB3*01:02","DRB3*01:03","DRB3*01:04","DRB3*01:05","DRB3*01:06","DRB3*01:07","DRB3*01:08","DRB3*01:09","DRB3*01:10","DRB3*01:11","DRB3*02:01","DRB3*02:02","DRB3*02:03","DRB3*02:04","DRB3*02:05","DRB3*02:06","DRB3*02:07","DRB3*02:08","DRB3*02:09","DRB3*02:10","DRB3*02:11","DRB3*02:12","DRB3*02:13","DRB3*02:14","DRB3*02:15","DRB3*02:16","DRB3*02:17","DRB3*02:18","DRB3*02:19","DRB3*03:01","DRB3*03:02","DRB3*03:03","DRB4*01:01","DRB4*01:02","DRB4*01:03","DRB4*01:04","DRB4*01:05","DRB4*01:06","DRB4*01:07","DRB5*01:01","DRB5*01:02","DRB5*01:03","DRB5*01:04","DRB5*01:05","DRB5*01:06","DRB5*01:07","DRB5*01:09","DRB5*01:11","DRB5*01:12","DRB5*01:13","DRB5*02:02","DRB5*02:03","DRB5*02:04","DRB5*02:05","DQB1*02:01","DQB1*02:02","DQB1*02:03","DQB1*03:01","DQB1*03:02","DQB1*03:03","DQB1*03:04","DQB1*03:05","DQB1*03:06","DQB1*03:07","DQB1*03:08","DQB1*03:09","DQB1*03:10","DQB1*03:11","DQB1*03:12","DQB1*03:13","DQB1*04:01","DQB1*04:02","DQB1*05:01","DQB1*05:02","DQB1*05:03","DQB1*05:04","DQB1*06:01","DQB1*06:02","DQB1*06:03","DQB1*06:04","DQB1*06:05","DQB1*06:06","DQB1*06:07","DQB1*06:08","DQB1*06:09","DQB1*06:10","DQB1*06:11","DQB1*06:12","DQB1*06:13","DQB1*06:14","DQB1*06:15","DQB1*06:16","DQB1*06:17","DQB1*06:18","DQB1*06:19","DQB1*06:20","DQB1*06:21","DPB1*01:01","DPB1*02:01","DPB1*02:02","DPB1*03:01","DPB1*04:01","DPB1*04:02","DPB1*05:01","DPB1*06:01","DPB1*09:01","DPB1*10:01","DPB1*11:01","DPB1*13:01","DPB1*14:01","DPB1*15:01","DPB1*16:01","DPB1*17:01","DPB1*18:01","DPB1*19:01","DPB1*20:01","DPB1*21:01","DPB1*22:01","DPB1*23:01","DPB1*26:01","DPB1*27:01","DPB1*28:01","DPB1*29:01","DPB1*30:01","DPB1*31:01","DPB1*33:01","DPB1*34:01","DPB1*35:01","DPB1*36:01","DPB1*38:01","DPB1*39:01","DPB1*40:01","DPB1*45:01","DPB1*46:01","DPB1*47:01","DPB1*50:01","DPB1*51:01","DPB1*55:01","DPB1*59:01","DPB1*63:01","DPB1*69:01","DPB1*72:01","DPB1*78:01","DPB1*81:01","DPB1*85:01"
1,"AbV","4R","4R","4R","4R","4R","4R","4R","4R","4R","4R","4R","4R","4R","4R","4R","4R","4R","4R","4R","4R","4R","4R","4R","4R","4R","4Q","4R","4R","4R","4R","4R","4R","4R","4R","4R","4R","4Q","4Q","4R","4R","4R","4R","4R","4R","4R","4R","4R","4R","4R","4R","4R","4R","4R","4R","4R","4R","4R","4R","4R","4R","4R","4R","4R","4R","4R","4R","4R","4R","4R","4R","4R","4R","4R","4R","4R","4R","4R","4R","4R","4R","4R","4R","4R","4R","4R","4R","4R","4R","4R","4R","4R","4R","4R","4R","4R","4R","4R","4R","4R","4R","4R","4R","4R","4R","4R","4R","4R","4R","4R","4R","4R","4R","4R","4R","4R","4R","4R","4R","4R","4R","4R","4R","4R","4R","4R","4R","4R","4R","4R","4R","4R","4R","4R","4R","4R","4R","4R","4R","4R","4R","4R","4R","4R","4Q","4Q","4Q","4Q","4Q","4Q","4Q","4R","4R","4R","4R","4R","4R","4R","4R","4R","4R","4R","4R","4R","4R","4R","","","","","","","","","26G","","","","","","","","26G","26G","26G","26G","26G","26G","","","","","","","","","","","","","","","","","","","","","","","35FV","","35FV","","35FV","","35FV","35FV","35FV","","","35FV","","35FV","35FV","35FV","35FV","35FV","","","35FV","","","","35FV","35FV","","","","35FV","","","","","35FV","35FV","35FV","35FV","","35FV","35FV","","35FV","","35FV","",""
2,"AbV","","","","","11STS","11STS","11STS","11STS","11STS","11STS","","","","","","","","","","","","","","","","","16Y","16Y","16Y","16Y","16Y","16Y","16Y","16Y","16Y","16Y","","","","11STS","11STS","11STS","11STS","","11STS","11STS","11STS","11STS","11STS","11STS","11STS","11STS","11STS","11STS","11STS","16Y","16Y","16Y","16Y","16Y","11STS","11STS","11STS","11STS","11STS","11STS","11STS","11STS","11STS","11STS","11STS","11STS","11STS","11STS","11STS","11STS","11STS","11STS","11STS","11STS","11STS","11STS","11STS","11STS","11STS","16Y","11STS","11STS","11STS","11STS","","16Y","11STS","16Y","11STS","11STS","11STS","11STS","11STS","11STS","11STS","","","","","","","","","","","","","","","","","","","","","","","","","","","","","","","","","","","","","","","","","","","18L","18L","18L","18L","18L","18L","18L","","","","","","","","","","","","","","","","45GE","45GE","45GE","45EV","45GV","45GV","45EV","45GV","45GV","45GV","45GV","45EV","45GV","45GV","45GV","45EV","45GV","45GV","45GV","45GV","45GV","45GV","45GV","45GV","45GV","45GV","45GV","45GV","45GV","45GV","45GV","45GV","45GV","45GV","45GV","45GV","45GV","45GV","45GV","45GV","45GV","45GV","45GV","","56E","","56E","","56E","","56E","56E","56E","","","56E","","56E","56E","56E","","56E","","","","","","56E","56E","","","","","56E","","","","","56E","56E","","56E","56E","","56E","","56E","","56E","56E",""
3,"AbV","25R","25R","25R","25R","25R","25R","25R","25R","25R","25R","25R","25R","25R","25R","25R","25R","25R","25R","25R","25R","25R","25R","25R","25R","25R","25Q","25R","25R","25R","25R","25R","25R","25R","25R","25R","25R","25R","25R","25R","25R","25R","25R","25R","25R","25R","25R","25R","25R","25R","25R","25R","25R","25R","25R","25R","25R","25R","25R","25R","25R","25R","25R","25R","25R","25R","25R","25R","25R","25R","25R","25R","25R","25R","25R","25R","25R","25R","25R","25R","25R","25R","25R","25R","25R","25R","25R","25R","25R","25R","25R","25R","25R","25R","25R","25R","25R","25R","25R","25R","25R","25R","25R","25R","25R","25R","25R","25R","25R","25R","25R","25R","25R","25R","25R","25R","25R","25R","25R","25R","25R","25R","25R","25R","25R","25R","25R","25R","25R","25R","25R","25R","25R","25R","25R","25R","25R","25R","25R","25R","25R","25R","25R","25R","26WN","26WN","26WN","26WN","26WN","26WN","26WN","25R","25R","25R","25R","25R","25R","25R","25R","25R","25R","25R","25R","25R","25R","25R","55LPA","55LPA","55LPA","46VY","46VY","46VY","46VY","46VY","46VY","46VY","46VY","46VY","46VY","46VY","46VY","46VY","46VY","46VY","46VY","46VY","46VY","46VY","46VY","46VY","46VY","46VY","46VY","46VY","46VY","46VY","46VY","46VY","46VY","46VY","46VY","46VY","46VY","46VY","46VY","46VY","46VY","46VY","46VY","56A","56EE","56A","57D","56A","56EE","56A","57D","57D","56EE","56A","56A","57D","56A","56EE","57D","56EE","56A","57D","56A","56A","56A","56A","56A","56EE","57D","56A","56A","56A","56A","57D","56A","56A","56A","56A","56EE","57D","56A","57D","56EE","56A","56EE","56A","57D","56A","57D","56EE","56A"
4,"AbV","","","","","","","","","","","37YV","37YV","37YV","37YV","37YV","37YV","37YV","37YV","37YV","37YV","37YV","37YV","37YV","37YV","37YV","","37YV","37YV","37YV","37YV","37YV","37YV","37YV","37YV","37YV","37YV","","","","37YV","37YV","37YV","37YV","37YV","37YV","37YV","37YV","37YV","37YV","37YV","37YV","37YV","37YV","37YV","37YV","","","","","","","","37YV","","","","","","","","","","","","","","","","","","","","","","","","","","","","","","","","","","","","","","","","","","","","","","","","","","","","","","","","","","","","","","","","","","","","","","","","","","","","","","","","","48Q","48Q","48Q","48Q","48Q","48Q","48Q","","","","","","","","","","","","","","","","","","","28T","28T","28T","28T","28T","28T","28T","28T","28T","28T","28T","28T","28T","28T","28T","28T","28T","28T","28T","28T","28T","28T","28T","28T","28T","28T","28T","28T","28T","28T","28T","28T","28T","28T","28T","28T","28T","28T","28T","28T","84DEAV","","","84DEAV","","","84DEAV","84DEAV","84DEAV","84DEAV","84DEAV","84DEAV","84DEAV","","84DEAV","84DEAV","","84DEAV","84DEAV","84DEAV","84DEAV","","84DEAV","84DEAV","","84DEAV","84DEAV","84DEAV","","","84DEAV","84DEAV","84DEAV","","","84DEAV","","","84DEAV","","84DEAV","","84DEAV","84DEAV","","84DEAV","","84DEAV"
5,"AbV","","","","","","","","","","","","","","","","","","","","","","","57DE","","","","","","","","","","","","","","","","40D2","57DE","57DE","57DE","57DE","57DE","57DE","57DE","57DE","57DE","57DE","57DE","57DE","57DE","57DE","57DE","57DE","","","","57DE","","","","","","","","","","","","","","","","","","","","","","","","","","","","","","","","","57DE","","","","","","","","","","","","","","","","","","","","","","","","","","","","","","","","","","","","","","","","","","","","","","","57DE","","","","","40YNL","40YNL","40YNL","40YNL","40YNL","40YNL","40YNL","","","","","","","","","","","57DE","","","","","74AVR","74AVR","74AVR","52PL","52PL","52PL","52PL","52PL","52PL","52PL","52PL","52PL","52PL","52PL","52PL","52PL","52PL","52PL","52PQ","52PQ","52PQ","52PQ","52PQ","52PQ","52PQ","52PQ","52PQ","52PQ","52PQ","52PQ","52PQ","52PQ","52PQ","52PQ","52PQ","52PQ","52PQ","52PQ","52PQ","52PQ","52PQ","52PQ","52PQ","","85GPM","85GPM","","85GPM","85GPM","","","","","","","","85GPM","","","85GPM","","","","","85GPM","","","85GPM","","","","85GPM","85GPM","","","","85GPM","85GPM","","85GPM","85GPM","","85GPM","","85GPM","","","85GPM","","85GPM",""
6,"AbV","70QT","70QT","70D","","","","","","","","70QT","70D","70QT","70QT","70QT","70QT","70QT","70QT","70QT","70QT","70QT","70QT","70D","","70D","70D","70D","70D","70D","70D","70D","70D","70D","70D","70D","70D","","","","70D","70D","70D","70D","70D","70D","","70D","70D","70D","70D","","70D","70D","","70D","70D","70D","70D","70D","70D","70D","70D","70D","70D","70D","70D","70D","70D","","70D","70D","70D","70D","70D","70D","70D","70D","70D","70D","70D","70D","70D","","70QT","70D","","","70QT","","","","","70D","70D","70D","70QT","","70QT","70QT","","","","","","","","70D","70D","70D","70D","","","","","","","51R","","","","","51R","51R","51R","51R","51R","51R","51R","51R","","","51R","51R","51R","51R","51R","51R","51R","51R","51R","","","","","","","","","","","70D","70D","70D","70D","70D","","70D","","","","70D","","","","","","","","","","","","","","","","","","","","","66DI","66DI","56PV","","","","","","","56PV","56PV","56PV","","56PV","56PV","","","56PV","56PV","","","","56PV","56PV","","","56PV","96K","","","96K","","","96K","96K","96K","96K","96K","96K","96K","96K","96K","","96K","96K","96K","96K","","","96K","96K","","","","","","","96K","","","","","96K","","","96K","","","","","","","","","96K"
7,"AbV","73A","73A","73A","73A","74R","74R","74R","74R","74R","74R","73A","73A","73A","73A","73A","73A","73A","73A","73A","73A","73A","73A","73A","73A","73A","","73A","73A","73A","73A","73A","73A","73A","73A","73A","73A","73A","73A","73A","73A","73A","73A","73A","73A","73A","74R","73A","73A","73A","73A","73A","73A","73A","73A","73A","73A","73A","73A","73A","73A","73A","73A","73A","73A","73A","73A","73A","73A","73A","73A","73A","73A","73A","73A","73A","73A","73A","73A","73A","73A","73A","73A","73A","73A","73A","73A","73A","73A","73A","73A","73A","73A","73A","73A","73A","73A","73A","73A","73A","73A","73A","73A","73A","73A","73A","73A","73A","73A","73A","73A","74R","74R","74R","74R","74R","74R","","74R","74R","74R","74R","","","","74R","","","","","","","","","","","","","","","74R","","","74R","73A","","73A","","73A","73A","73A","73A","73A","73A","73A","73A","73A","73A","73A","73A","73A","73A","73A","73A","73A","73A","","","","55PP","55PP","55PP","55PP","55PP","55PP","55PP","55PP","55PP","55PP","55PP","55PP","55PP","52PR","52PR","52PR","52PR","52PR","52PR","52PR","52PR","52PR","52PR","52PR","52PR","52PR","52PR","52PR","52PR","52PR","52PR","52PR","52PR","52PR","52PR","52PR","52PR","52PR","52PR","52PR","","","","","","","","","","","","","","","","","","","","","","","","","","","","","","","","","","","","","","","","","","","","","","","",""
8,"AbV","77T","77T","77T","77T","77N","77N","77N","77N","77N","77N","77T","77T","77T","77T","77T","77T","77T","77T","77T","77T","77T","77T","77T","77T","77T","77T","77T","77T","77T","77T","77T","77T","77T","77T","77T","77T","77T","77T","77T","77T","77T","77T","77T","77T","77T","77N","77T","77T","77T","77T","77T","77T","77T","77T","77T","77T","77T","77T","77T","77T","77T","77T","77T","77T","77T","77T","77T","77T","77T","77T","77T","77T","77T","77T","77T","77T","77T","77T","77T","77T","77T","77T","77T","77T","77T","77T","77T","77T","77T","77T","77T","77T","77T","77T","77T","77T","77T","77T","77T","77T","77T","77T","77T","77T","77T","77T","77T","77T","77T","77T","77N","77N","77N","77N","77N","77N","77N","77N","77N","77N","77N","77N","77N","77N","77N","77N","77N","77N","77N","77N","77N","77N","77N","77N","77N","77T","77N","77N","77N","77N","77N","77N","77N","77T","77T","77T","77N","77T","77T","77T","77T","77T","77T","77T","77T","77T","77T","77T","77T","77T","77T","77T","77T","77T","77T","","","","52P","52P","52P","52P","52P","52P","52P","52P","52P","52P","52P","52P","52P","52P","52P","52P","52P","52P","52P","52P","52P","52P","52P","52P","52P","52P","52P","52P","52P","52P","52P","52P","52P","52P","52P","52P","52P","52P","52P","52P","","","","","","","","","","","","","","","","","","","","","","","","","","","","","","","","","","","","","","","","","","","","","","","",""
9,"AbV","96EV","96EV","96EV","96EV","96HK","96HK","96HK","96HK","96HK","96HK","96Y","96Y","96Y","96Y","96Y","96Y","96Y","96Y","96Y","96Y","96Y","96Y","96Y","96Y","96Y","96HK","96HK","96HK","96HK","96HK","96HK","96HK","96HK","96HK","96HK","96HK","96HK","96HK","","96HK","96HK","96HK","96HK","96HK","96HK","96HK","96HK","96HK","96HK","96HK","96HK","96HK","96HK","96HK","96HK","96HK","96HK","96HK","96HK","96HK","96HK","96HK","96HK","96HK","96HK","96HK","96HK","96HK","96HK","96HK","96HK","96HK","96HK","96HK","96HK","96HK","96HK","96HK","96HK","96HK","96HK","96HK","96HK","96HK","96HK","96HK","96HK","96HK","96HK","96HK","96HK","96HK","96HK","96HK","96HK","96HK","96HK","96HK","96HK","96HK","96HK","","","","","","","","","","96HK","96HK","96HK","96HK","96HK","96HK","96HK","96HK","96HK","96HK","96HK","96HK","96HK","96HK","96HK","96HK","96HK","96HK","96HK","96HK","96HK","96HK","96HK","96HK","96HK","96HK","96HK","96HK","96HK","96HK","96HK","96HK","96HK","81Y","81Y","81Y","81Y","81Y","81Y","81Y","96EV","96EV","96EV","96EV","96EV","96EV","96EV","96EV","96EV","96EV","96EV","96EV","96EV","96EV","96EV","","","","","","","","","","","","","","","","","55RL","55RL","74SR","74SR","74SR","74SR","","","","","","","","","","","","","","","","","","","","","","","","","","","","","","","","","","","","","","","","","","","","","","","","","","","","","","","","","","","","","","","","","","","","",""
10,"AbV","","","","","","","","","","","","","","","","","","","","","","","","","","","","","","","","","","","","","","","","","","","","","","","","","","","","","","","","","","","","","","","","","","","","","","","","","","","","","","","","","","","","","","","","","","","","","","","","","","","","","","","","","","","","","","","98Q","98Q","98Q","98Q","98Q","98Q","98Q","98Q","98Q","98Q","98Q","98Q","98Q","98Q","98Q","98Q","98Q","98Q","98Q","98Q","98Q","98Q","98Q","98Q","98Q","98Q","98Q","98Q","98Q","98Q","98Q","98Q","98Q","","","","","","","","","","","","","","","","","","","","","","","","","","","","","","","74SV","","","","","","","","74SV","74SV","74SV","74SV","74SV","74SV","","","","","","","","","","","","","","","","","","","","","","","","","","","","","","","","","","","","","","","","","","","","","","","","","","","","","","","","","","","","","","","","","","","","",""
11,"AbV","","","","","","","","","","","104A","104A","104A","104A","104A","104A","104A","104A","104A","104A","104A","104A","104A","104A","104A","104A","","","","","","","","","","","104A","104A","164VQ","","","","","","","","","","","","","","","","","","","","","","","","","","","","","","","","","","","","","","","","","","","","","","","","","","","","","","","","","","","","","","","","","","","","","","","","104A","104A","104A","104A","104A","104A","104A","104A","104A","104A","104A","104A","104A","104A","104A","104A","104A","104A","104A","104A","104A","104A","104A","104A","104A","104A","104A","104A","104A","104A","104A","104A","104A","","","","","","","","108T","108T","108T","108T","108T","108T","108T","108T","108T","108T","108T","108T","108T","108T","108T","77R","77R","77R","77T","77T","77T","77T","77T","77T","77T","77T","77T","77T","77T","77T","77T","77T","77T","77R","77R","77R","77R","77T","77T","77T","77T","77T","77R","77T","77T","77T","77T","77T","77T","77T","77T","77T","77T","77T","77T","77T","77T","77T","","","","","","","","","","","","","","","","","","","","","","","","","","","","","","","","","","","","","","","","","","","","","","","",""
12,"AbV","","","","","","","","","","","180LT","180LT","180LT","180LT","180LT","180LT","180LT","180LT","180LT","180LT","180LT","180LT","180LT","180LT","180LT","181M","","","","","","","","","","","181M","181M","181M","","","","","","","","","","","","","","","","","","","","","","","","","","","","","","","","","","","","","","","","","","","","","","","","","","","","","","","","","","","","","","","142M3","142M3","142M3","142M3","142M3","142M3","142M3","142M3","142M3","","","","","","","","","","","","","","","","","","","","","","","","","","","","","","","","","","181M","181M","181M","181M","181M","181M","181M","","","","","","","","","","","","","","","","","","","","","","","","","","","","","","","","70ED","70ED","85VG","85VG","85VG","85VG","85VG","85VG","85VG","85VG","85VG","85VG","85VG","85VG","85VG","85VG","85VG","85VG","85VG","85VG","85VG","85VG","85VG","85VG","85VG","85VG","85VG","","","","","","","","","","","","","","","","","","","","","","","","","","","","","","","","","","","","","","","","","","","","","","","",""
13,"AbV","","","","","47F","","","47F","47F","47F","","","","","","","","","","","","","","","","","","","","","","","","","","","","","","47F","47F","47F","47F","47F","47F","47F","47F","47F","47F","47F","47F","47F","47F","","47F","47F","47F","47F","47F","47F","47F","47F","","47F","47F","47F","","","47F","47F","47F","","47F","47F","47F","47F","","47F","47F","47F","47F","47F","","","","","","","","","","","","","","47F","","","","","","47F","47F","47F","47F","47F","","","","","","","","","","","","","","","","","","","","","","","","","","","","","","","","","","","","","","","","","","","","","","","","","","","","","","","","","","","","84QL","84QL","84QL","84QL","84QL","84QL","84QL","84QL","84QL","84QL","84QL","84QL","84QL","84QL","84QL","84QL","84QL","84QL","85VA","85VA","85VA","85VA","85VA","85VA","85VA","","","","","85VA","","85VA","85VA","","85VA","85VA","","85VA","","85VA","85VA","85VA","","","","","","","","","","","","","","","","","","","","","","","","","","","","","","","","","","","","","","","","","","","","","","","","",""
14,"AbV","67LQ","67LQ","","67LQ","67LQ","67LQ","67LQ","67LQ","67LQ","67LQ","67LQ","","67LQ","67LQ","67LQ","67LQ","67LQ","67LQ","67LQ","67LQ","67LQ","67LQ","","67LQ","","","","","","","","","","","","","","","","","","","","","","67LQ","","","","","","","","","","","","","","","","","","","","","","","","","","","","","","","","","","","","","","67LQ","","","","67LQ","","","","","","","","67LQ","","67LQ","67LQ","","","","","","","","","","","","67LQ","67LQ","67LQ","67LQ","67LQ","67LQ","67LQ","67LQ","67LQ","67LQ","67LQ","67LQ","67LQ","67LQ","67LQ","67LQ","67LQ","67LQ","67LQ","67LQ","67LQ","","67LQ","67LQ","67LQ","67LQ","67LQ","","67LQ","67LQ","67LQ","67LQ","67LQ","","","","","","","","","","","","","","","","","","","","","","67LQ","125A","125A","125A","125A","125A","125A","125A","125A","125A","125A","125A","125A","125A","125A","125A","125A","125A","125A","","","","","87F","87F","87F","","","","","87F","","87F","87F","","87F","87F","","87F","","87F","87F","87F","","","","","","","","","","","","","","","","","","","","","","","","","","","","","","","","","","","","","","","","","","","","","","","","",""
15,"AbV","85VG","","85VG","","","85VG","","","85VG","","85VG","","","","85VG","","85VG","85VG","85VG","","","","","85VG","","85VG","85VG","85VG","85VG","","85VG","","85VG","","85VG","85VG","85VG","85VG","85VG","85VG","","","","85VG","","","85VG","85VG","85VG","85VG","","85VG","85VG","","85VG","","","","","","","85VG","85VG","","85VG","","85VG","","","","","85VG","85VG","","","","","","85VG","","","85VG","","85VG","85VG","","","","85VG","","","","","","","","","85VG","","85VG","","","85VG","","","","85VG","85VG","85VG","85VG","85VG","85VG","85VG","85VG","85VG","85VG","85VG","85VG","85VG","85VG","85VG","","85VG","85VG","","85VG","85VG","85VG","85VG","85VG","85VG","85VG","85VG","85VG","","85VG","85VG","85VG","85VG","85VG","","","85VG","","","","","","","","85VG","85VG","85VG","85VG","85VG","","85VG","85VG","85VG","85VG","85VG","","85VG","","","140A","140A","140A","140T","140T","140T","140T","140T","140T","140T","140T","140T","140T","140T","140T","140T","140T","140T","140A","140A","140A","140A","140A","140A","140A","140A","140A","140A","140A","140A","140A","140A","140A","140A","140A","140A","140A","140A","140A","140A","140A","140A","140A","","","","","","","","","","","","","","","","","","","","","","","","","","","","","","","","","","","","","","","","","","","","","","","",""
16,"AbV","13FE","13FE","13FE","13FE","","","","","","","","","","","","","","","","","","","","","","","","","","","","","","","","","13FE","13FE","13FE","","","","","","","","","","","","","","","","","","","","","","","","","","","","","","","","","","","","","","","","","","","","","","","","","","","","","","","","","","","","","","","","","","","","","","","","","","","","","","","","","","","","","","","","","","","","","","","","","","","","","","","","","","","","","","","","","","","","","","","","","","","","","","","","","","","","","","","","","","","","","","","","","116I","116I","116I","116I","","","","","","","","","","","","","","","","","","","","","","","","","","","","","","","","","","","","","","","","","","","","","","","","","","","","","","","","","","","","","","","","","","","","",""
17,"AbV","96ES","96ES","96ES","96ES","","","","","","","","","","","","","","","","","","","","","","","","","","","","","","","","","","","","","","","","","","","","","","","","","","","","","","","","","","","","","","","","","","","","","","","","","","","","","","","","","","","","","","","","","","","","","","","","","","","","","","","","","","","","","","","","","","","","","","","","","","","","","","","","","","","","","","","","","","","","","","","","","","","","","","","","","","","","","","","","","","","","","","","","","","","","","","","","","","","","125S","125S","125S","125S","","","","","","","","","","","","","","","","","","","","","","","","","","","","","","","","","","","","","","","","","","","","","","","","","","","","","","","","","","","","","","","","","","","","",""
18,"AbV","","","","","","","","","","","","","","","","","","","","","","","","","","","","","","","","","","","","","","","","","","","","","","","","","","","","","","","","","","","","","","","","","","","","","","","","","","","","","","","","","","","","","","","","","","","","","","","","","","","","","","","","","","","","","","","","","","","","","","","","","","","","","","","","","","","","","","","","","","","","","","","","","","","","","","","96EN","96EN","96EN","96EN","96EN","96EN","96EN","96EN","96EN","96EN","96EN","96EN","96EN","96EN","96EN","182S","182S","182S","182N","182N","182N","182N","182N","182N","182N","182N","182N","182N","182N","182N","182N","182N","182N","182S","182S","182S","182S","182S","182S","182S","182S","182S","182S","182S","182S","182S","182S","182S","182S","182S","182S","182S","182S","182S","182S","182S","182S","182S","","","","","","","","","","","","","","","","","","","","","","","","","","","","","","","","","","","","","","","","","","","","","","","",""
19,"AbV","","","","","","","","","","","","","","","","","","","","","","","","","","","","","","","","","","","","","","","","","","","","","","","","","","","","","","","","","","","","","","","","","","","","","","","","","","","","","","","","","","","","","","","","","","","","","","","","","","","","","","","","","","","","","","","","","","","","","","","","","","","","","","","","","","","","","","","","","","","","","","","","","","","","","","","104ART","104ART","104ART","104ART","104ART","104ART","104ART","104ART","104ART","104ART","104ART","104ART","104ART","104ART","104ART","","","","","","","","","","","","","","","","","","","","","","","","","","","","","","","","","","","","","","","","","","","","","","","","","","","","","","","","","","","","","","","","","","","","","","","","","","","","","","","","","","","","","","","","","","",""
1,"oth","","","","","13SE","13SE","13SE","13SE","13SE","13SE","","","","","","","","","","","","","","","","12KYK","","","","","","","","","","","","","","13SE","13SE","13SE","13SE","","13SE","13SE","13SE","13SE","13SE","13SE","13SE","13SE","13SE","13SE","13SE","","","","","","13SE","13SE","13SE","13SE","13SE","13SE","13SE","13SE","13SE","13SE","13SE","13SE","13SE","13SE","13SE","13SE","13SE","13SE","13SE","13SE","13SE","13SE","13SE","13SE","13SE","","13SE","13SE","13SE","13SE","","","13SE","","13SE","13SE","13SE","13SE","13SE","13SE","13SE","","","","","","","","","","13SE","13SE","13SE","13SE","13SE","13SE","13SE","13SE","13SE","13SE","13SE","13SE","13SE","13SE","13SE","13SE","13SE","13SE","13SE","13SE","13SE","13SE","13SE","13SE","13SE","13SE","13SE","13SE","13SE","13SE","13SE","13SE","13SE","","","","","","","","","","","","","","","","","","","6C","6C","6C","6C","3S","3S","3S","3S","3S","3S","3S","3S","3S","3S","3S","3S","3S","3S","3S","3S","3S","3S","3S","3S","3S","3S","3P","3S","3S","3S","3S","3S","3S","3S","3S","3S","3S","3S","3S","3S","3S","3S","3S","3S","3S","3S","3S","8V","8L","8L","8V","8L","8L","8L","8V","8V","8V","8V","8V","8V","8V","8L","8V","8V","8L","8V","8V","8L","8L","8V","8V","8L","8V","8V","8L","8L","8L","8V","8V","8L","8L","8L","8V","8L","8L","8V","8L","8V","8L","8L","8V","8L","8V","8L","8V"
2,"oth","16H","16H","16H","16H","16H","16H","16H","16H","16H","16H","16H","16H","16H","16H","16H","16H","16H","16H","16H","16H","16H","16H","16H","16H","16H","","","","","","","","","","","","16H","16H","16H","16H","16H","16H","16H","16H","16H","16H","16H","16H","16H","16H","16H","16H","16H","16H","16H","","","","","","16H","16H","16H","16H","16H","16H","16H","16H","16H","16H","16H","16H","16H","16H","16H","16H","16H","16H","16H","16H","16H","16H","16H","16H","16H","","","16H","16H","16H","16H","","16H","","16H","16H","16H","16H","16H","16H","16H","16H","16H","16H","16H","16H","16H","16H","16H","16H","16H","16H","16H","16H","16H","16H","16H","16H","16H","16H","16H","16H","16H","16H","16H","16H","16H","16H","16H","16H","16H","16H","16H","16H","16H","16H","16H","16H","16H","16H","16H","16H","16H","","","","","","","","16H","16H","16H","16H","16H","16H","16H","16H","16H","16H","16H","16H","16H","16H","16H","9Y","9Y","9Y","9Y","9Y","9Y","9Y","9Y","9Y","9Y","9Y","9Y","9Y","9Y","9Y","9Y","9F","9F","9Y","9Y","9Y","9Y","9L","9F","9Y","9Y","9Y","9Y","9Y","9Y","9Y","9F","9Y","9Y","9F","9F","9F","9F","9Y","9Y","9F","9F","9Y","9Y","","","9Y","","","","9Y","9H","9H","9Y","9Y","9H","9Y","","9H","9Y","","9Y","9Y","","","9Y","9Y","","9Y","9H","","","","9H","9Y","","","","9H","","","9Y","","9H","","","9Y","","9Y","","9Y"
3,"oth","26L","26L","26L","26L","26Y","26F","26F","26Y","26Y","26F","26F","26F","26F","26F","26F","26F","26F","26F","26F","26F","26F","26F","26F","26F","26F","26F","26F","26F","26F","26F","26F","26F","26F","26F","26F","26F","26Y","26Y","26L","26F","26F","26F","26F","26F","26F","26F","26F","26F","26F","26F","26F","26F","26F","26F","26F","26L","26L","26L","26L","26L","26F","26F","26F","26F","26F","26F","26F","26F","26F","26F","26F","26F","26F","26F","26F","26F","26F","26F","26F","26F","26Y","26F","26F","26F","26F","26F","26F","26F","26F","26F","26F","26F","26F","26F","26F","26F","26F","26F","26F","26F","26F","26F","26F","26F","26F","26F","26F","26F","26F","26F","26Y","26Y","26Y","26Y","26Y","26Y","26Y","26Y","26F","26Y","26Y","26F","26F","26F","26F","26F","26F","26F","26F","26F","26F","26F","26F","26L","26F","26F","26F","26F","26F","26F","26F","26F","26F","","","","","","","","26F","26F","26F","26F","26F","26F","26F","26F","26F","26F","26F","26F","26F","26F","26F","13GM","13GM","13GM","14AM","13GM","13GM","14AM","13GM","13GM","13GM","13GM","14AM","14AM","14GL","14AM","14AM","13GM","13GM","14GL","14GL","14GL","14GL","14AM","13GM","13GM","13GM","14GL","13GM","13GM","13GM","13GM","13GM","13GM","13GM","13GM","13GM","13GM","13GM","13GM","13GM","13GM","14GL","13GM","11G","11G","11G","11L","11G","11G","11G","11L","11L","11L","11L","11L","11L","11G","11G","11L","11G","11G","11L","11L","11G","11G","11L","11L","11G","11L","11L","11G","11G","11G","11L","11L","11G","11G","11G","11L","11G","11G","11G","11G","11L","11G","11G","11L","11G","11L","11G","11L"
4,"oth","28E","28E","28E","28E","28D","28E","28E","28D","28D","28D","28D","28D","28D","28D","28D","28D","28D","28D","28D","28D","28D","28D","28D","28D","28D","28E","28D","28D","28D","28D","28D","28D","28D","28D","28D","28D","28H","28H","28E","28D","28D","28D","28D","28D","28D","28D","28D","28D","28D","28D","28D","28D","28D","28D","28D","28E","28E","28E","28E","28E","28D","28D","28D","28D","28D","28D","28D","28D","28D","28D","28D","28D","28D","28E","28D","28D","28E","28D","28D","28D","28D","28D","28D","28E","28E","28D","28D","28E","28D","28D","28D","28D","28E","28D","28D","28D","28E","28E","28E","28E","28D","28D","28D","28D","28D","28D","28D","28D","28D","28D","28D","28D","28E","28D","","28D","28D","28D","28E","28D","28D","28E","28E","28E","28E","28E","28E","28E","28E","28E","28E","28E","28E","28E","28E","28E","28E","28E","28E","28E","28E","28E","28E","","","","","","","","28H","28H","28H","28H","28H","28H","28H","28H","28H","28H","28H","28H","28H","28H","28H","","","","","","","","","","","","","","","","","23L","","","","","","","","","","","","","","","","","","","","","","","","","","","35YA","","35LV","","35FA","","35LV","","","","35YA","35YA","","35YA","","","","","","35LV","35LV","","35YA","35YA","35FA","","","35FA","35FA","35LV","","35LV","35LV","35YA","35YA","","","","","35FA","","","35LV","","35FA","","35FA","35YA"
5,"oth","30C","30C","30C","30C","30Y","30Y","30Y","30Y","30Y","30Y","30Y","30Y","30Y","30Y","30Y","30Y","30Y","30Y","30Y","30Y","30Y","30Y","30Y","30Y","30Y","","30Y","30Y","30Y","30Y","30Y","30Y","30Y","30Y","30Y","30Y","30G","30G","","30Y","30Y","30Y","30Y","30Y","30Y","30Y","30Y","30Y","30Y","30Y","30Y","30Y","30Y","30Y","30Y","30H","30H","30H","30H","30H","30Y","30Y","30Y","30Y","30Y","30Y","30Y","30Y","30Y","30Y","30Y","30Y","30Y","30Y","30Y","30Y","30Y","30Y","30Y","30Y","30Y","30Y","30Y","30Y","30Y","30Y","30Y","30Y","30Y","30Y","30Y","30Y","30Y","30Y","30Y","30Y","30Y","30Y","30Y","30Y","30Y","30Y","30Y","30H","30Y","30Y","30Y","30Y","30Y","30Y","30Y","30Y","30Y","30Y","30Y","30Y","30Y","30Y","30H","30Y","30Y","30H","30H","30H","30H","30Y","30H","30H","30H","30H","30H","30H","30H","30H","30H","30H","30H","30H","30H","30H","30Y","30H","30Y","","","","","","","","","30G","30G","","","","","","","","","30G","30G","30G","30G","26L","26L","26L","26Y","26L","26L","26Y","26G","26L","26L","26L","26Y","26Y","26L","26L","26Y","26G","26G","26G","26G","26G","26G","26Y","26L","26L","26L","26L","26L","26L","26L","26L","26L","26L","26L","26L","26L","26L","26L","26L","26L","26L","26L","26L","55A","","55EA","","55A","","55EA","","","","55A","55A","","55A","","","","55EA","","55EA","55EA","55A","55A","55A","","","55EA","55A","55A","55A","","55EA","55EA","55A","55A","","","55EA","","","55A","","55A","","55A","","","55A"
6,"oth","31I","31I","31I","31I","31F","31F","31F","31F","31F","31F","31F","31F","31F","31F","31F","31F","31F","31F","31F","31F","31F","31F","31F","31F","31F","31F","31F","31F","31F","31F","31F","31F","31F","31F","31F","31F","31I","31I","","31F","31F","31F","31F","31F","31F","31F","31F","31F","31F","31F","31F","31F","31F","31F","31F","31F","31F","31F","31F","31F","31F","31F","31F","31F","31F","31F","31F","31F","31F","31F","31F","31F","31F","31F","31F","31F","31F","31F","31F","31F","31F","31F","31F","31F","31F","31F","31F","31F","31F","31F","31F","31F","31F","31F","31F","31F","31F","31F","31F","31F","31F","31F","31F","31F","31F","31F","31F","31F","31F","31F","31F","31F","31F","31F","31F","31F","31F","31F","31F","31F","31F","31F","31F","31F","31F","31F","31F","31F","31F","31F","31F","31F","31F","31F","31F","31F","31F","31F","31F","31F","31F","31F","31F","31I","31I","31I","31I","31I","31I","31I","31I","31I","31I","31I","31I","31I","31I","31I","31I","31I","31I","31I","31I","31I","31I","","","","37YA","37YA","37YA","37YA","37YA","37YA","37YA","37YA","37YA","37YA","37YA","37YA","37YA","37YA","37YA","37YV","37YV","37YV","37YV","37DV","37YA","37YA","37YA","37YA","37YA","37YA","37YA","37YA","37YA","37YA","37YA","37YA","37YA","37YA","37YA","37YA","37YA","37YA","37YA","37YA","57E","57E","57E","","57E","57E","57E","","","57E","57E","57E","","57E","57E","","57E","57E","","57E","57E","57E","57E","57E","57E","","57E","57E","57E","57E","","57E","57E","57E","57E","57E","","57E","","57E","57E","57E","57E","","57E","","57E","57E"
7,"oth","32Y","32Y","32Y","32Y","32H","32H","32H","32H","32H","32H","32Y","32Y","32Y","32Y","32Y","32Y","32Y","32Y","32Y","32Y","32Y","32Y","32Y","32Y","32Y","32Y","32Y","32Y","32Y","32Y","32Y","32Y","32H","32Y","32Y","32Y","32Y","32Y","32H","32Y","32Y","32Y","32Y","32Y","32Y","32Y","32Y","32H","32H","32Y","32H","32Y","32Y","32H","32Y","32H","32H","32H","32H","32H","32H","32H","32Y","32Y","32H","32H","32Y","32H","32H","32H","32Y","32Y","32Y","32H","32H","32H","32H","32H","32Y","32Y","32H","32H","32H","32H","32H","32H","32H","32H","32H","32H","32H","32H","32H","32H","32H","32H","32H","32H","32H","32H","32H","32Y","32Y","32Y","32Y","32Y","32Y","32Y","32Y","32Y","32H","32H","32H","32H","32H","32H","32H","32H","32H","32H","32H","32H","32H","32H","32H","32H","32H","32H","32H","32H","32H","32H","32H","32H","32H","32H","32H","32H","32H","32H","32H","32H","32H","32Y","32Y","32Y","32Y","32Y","32Y","32Y","32Y","32Y","32Y","32Y","32Y","32Y","32Y","32Y","32Y","32Y","32Y","32Y","32Y","32Y","32Y","56PA","56PA","56PD","56PD","56PA","56PD","56PA","56PA","56PD","56PA","56PA","56PD","56PD","56PA","56PD","56PD","","","","56PS","56PD","56PS","56PD","56PD","56PD","","","","56PD","","","56PS","56PD","","","56PD","56PD","56PD","","","56PD","56PD","","65I","65I","65I","65L","65I","65I","65I","65L","65I","65I","65L","65I","65L","65L","65I","65I","65I","65I","65L","65I","65I","65I","65I","65I","65L","65L","65I","65L","65I","65L","65I","65I","65I","65I","65I","65L","65I","65I","65L","65I","65I","65L","65I","65L","65L","65L","65I","65I"
8,"oth","37SV","37SV","37SV","37SV","37NV","37NV","37NV","37SV","37NV","37NV","","","","","","37SV","","","","","","","","","","37FV","","","","","","","37FV","","","","37NV","37NV","37YA","","","","","","","","","37NV","37FV","","37FV","","37DL2","37FV","","37LL","37LL","37LL","37LL","37FL2","37NV","37NV","","","37NV","37NV","","37FV","37NV","37NV","","","","37NV","37NV","37NV","37FV","37NV","","","37NV","37NV","37FV","37NV","37NV","37FV","37FV","37NV","37FV","37FV","37FV","37FV","37NV","37FV","37FV","37NV","37NV","37NV","37FV","37NV","37FV","37SV","37SV","37SV","37SV","37SV","37SV","37SV","37SV","37NV","37FL2","37FL2","37FL2","37FL2","37FL2","37FV","37YA","37NV","37YA","37FL2","37FL2","37YA","37YA","37SV","37YA","37YA","","37YA","37YA","37YA","37YA","37YA","37YA","37YA","37YA","37YA","37YA","37YA","37YA","37YA","37FV","37FV","37FV","37YA","37YA","37YA","37YA","37YA","37YA","37YA","37DL2","37NV","37NV","37DL2","37DL2","37DL2","37DL2","37DL2","37DL2","37DL2","37DL2","37NV","37NV","37NV","37NV","60Y","60Y","60Y","60Y","60Y","60Y","60Y","60Y","60Y","60Y","60Y","60Y","60Y","60Y","60Y","60Y","60Y","60Y","60Y","60Y","60Y","60Y","60Y","60Y","60Y","60Y","60Y","60Y","60Y","60Y","60Y","60Y","60Y","60Y","60Y","60Y","60Y","","60Y","60Y","60Y","60Y","60Y","69K","69E","69E","69K","69K","69K","69K","69E","69E","69E","69R","69E","69K","69R","69E","69E","69K","69E","69K","69E","69E","69K","69K","69K","69K","69E","69E","69K","69E","69K","69K","69K","69K","69K","69K","69K","69E","69E","69K","69K","69E","69K","69K","69R","69K","69K","69E","69K"
9,"oth","40F","40F","40F","40F","40F","40F","40F","40F","40F","40F","40F","40F","40F","40F","40F","40F","40F","40F","40F","40F","40F","40F","40F","40F","40F","40F","40F","40F","40F","40F","40F","40F","40F","40F","40F","40F","40F","40F","","40F","40F","40F","40F","40F","40F","40F","40F","40F","40F","40F","40F","40F","40F","40F","40F","40F","40F","40F","40F","40F","40F","40F","40F","40F","40F","40F","40F","40F","40F","40F","40F","40F","40F","40F","40F","40F","40F","40F","40F","40F","40F","40F","40F","40F","40F","40F","40F","40F","40F","40F","40F","40F","40F","40F","40F","40F","40F","40F","40F","40F","40F","40F","40F","40F","40F","40F","40F","40F","40F","40F","40F","40F","40F","40F","40F","40F","40F","40F","40F","40F","40F","40F","40F","40F","40F","40F","40F","40F","40F","40F","40F","40F","40F","40F","40F","40F","40F","40F","40F","40F","40F","40F","40F","","","","","","","","40F","40F","40F","40F","40F","40F","40F","40F","40F","40F","40F","40F","40F","40F","40F","66D","66D","66D","66EV","66EV","66EV","66EV","66EV","66D","66EV","66EV","66EV","66EV","66EV","66EV","","66D","66D","66EV","66EV","66EV","66D","66D","66EV","66EV","66EV","66EV","66EV","66EV","66EV","66EV","66EV","66EV","66EV","66EV","66EV","66EV","66EV","66EV","66EV","66EV","66EV","66EV","76V","76M","76M","76V","76M","76M","76M","76M","76V","76V","76M","76I","76V","76M","76M","76M","76M","76I","76M","76M","76M","76M","76V","76M","76M","76V","76M","76M","76M","76M","76V","76M","76M","76M","76M","76V","76M","76M","76V","76M","76M","76M","76M","76M","76M","76V","76M","76M"
10,"oth","47YR","47YR","47YR","47YR","","47YR","47YR","","","","47YR","47YR","47YR","47YR","47YR","47YR","47YR","47YR","47YR","47YR","47YR","47YR","47YR","47YR","47YR","47YR","47YR","47YR","47YR","47YR","47YR","47YR","47YR","47YR","47YR","47YR","47YR","47YR","47YR","","","","","","","","","","","","","","","47YR","","","","","","","","","47YR","","","","47YR","47YR","","","","47YR","","","","","47YR","","","","","","47YR","47YR","47YR","47YR","47YR","47YR","47YR","47YR","47YR","47YR","47YR","47YR","47YR","","47YR","47YR","47YR","47YR","47YR","","","","","","47YR","47YR","47YR","47YR","47YR","47YR","47YR","47YR","47YR","47YR","47YR","47YR","47YR","47YR","47YR","47YR","47YR","47YR","47YR","47YR","47YR","47YR","47YR","47YR","47YR","47YR","47YR","47YR","47YR","47YR","47YR","47YR","47YR","47YR","47YR","47YR","47YR","","","","","","","","47YR","47YR","47YR","47YR","47YR","47YR","47YR","47YR","47YR","47YR","47YR","47YR","47YR","47YR","47YR","66DR","66DR","66DR","","","","","","","","67VG","","","","","","","","67VG","67VG","67VG","","66DR","67VG","67VG","","","","","67VG","","67VG","67VG","67VG","67VG","67VG","","67VG","67VG","","67VG","67VG","","","96R","96R","","96R","96R","","","","","","","","","","96R","","","","","","96R","","","96R","","96R","","96R","","","","","96R","","","","","","","96R","96R","","","","","",""
11,"oth","57DA","57DA","57DA","57DA","57DA","57DA","57DA","57DA","57DA","57DA","57DA","57DA","57DA","57DA","57S","57DA","57DA","57DA","57S","57S","57S","57DA","","57S","57DA","57V","57S","57DA","57S","57DA","57S","57S","57DA","57A","57A","57DA","57V","57D","57DA","","","","","","","","","","","","","","","","","57V","57V","57V","","57V","57DA","57DA","57S","57S","57DA","57DA","57DA","57DA","57DA","57DA","57DA","57S","57DA","57DA","57DA","57DA","57DA","57DA","57S","57DA","57DA","57V","57A","57DA","57DA","57A","57DA","57DA","57A","57DA","57A","","57DA","57DA","57A","57DA","57DA","57DA","57DA","57DA","57D","57DA","57DA","57DA","57DA","57DA","57DA","57DA","57DA","57DA","57V","57V","57V","57V","57V","57V","57DA","57V","57V","57V","57V","57DA","57DA","57DA","57DA","57DA","57DA","57V","57S","57V","57DA","57DA","57DA","57DA","57DA","57DA","57A","57DA","","57DA","57V","57V","57V","57DA","57DA","57DA","57DA","57DA","57DA","57DA","57DA","57DA","57DA","57DA","57DA","57DA","57DA","57DA","57DA","57DA","","57DA","57DA","57DA","57DA","","","","70RT","70RT","70RT","70RT","70RT","70ED","70RT","70GT","70RT","70RT","70RT","70RT","70RT","70ED","70ED","","","","70ED","70RT","70GT","70GT","70RT","70RT","70RT","70RT","70GT","70RT","70GT","70GT","70GT","70GT","70GT","70RT","70GT","","70RT","70GT","70GT","70GT","170I","170T","170T","170I","170T","170T","170I","170I","170I","170I","170I","170I","170I","170I","170I","170T","170I","170I","170I","170I","","170T","170I","170I","170T","","170T","","170T","","170I","","","170T","","170I","","","170I","","170T","170T","","","","","","170I"
12,"oth","58A","58A","58A","58A","58A","58A","58A","58A","58A","58A","58A","58A","58A","58A","58A","58A","58A","58A","58A","58A","58A","58A","","58A","58A","58A","58A","58A","58A","58A","58A","58A","58A","58A","58A","58A","58A","58A","58A","","","","","","","","","","","","","","","","","58A","58A","58A","","58A","58A","58A","58A","58A","58A","58A","58A","58A","58A","58A","58A","58A","58A","58A","58A","58A","58A","58A","58A","58A","58A","58A","58A","58A","58A","58A","58A","58A","58A","58A","58A","","58A","58A","58A","58A","58A","58A","58A","58A","58A","58A","58A","58A","58A","58A","58A","58A","58A","58A","58A","58A","58A","58A","58A","58A","58A","58A","58A","58A","58A","58A","58A","58A","58A","58A","58A","58A","58A","58A","58A","58A","58A","58A","58A","58A","58A","58A","","58A","58A","58A","58A","58A","58A","58A","58A","58A","58A","58A","58A","58A","58A","58A","58A","58A","58A","58A","58A","58A","","58A","58A","58A","58A","75V","75V","75V","74EL","74EL","74EL","74EL","74EL","75V","74EL","74EL","74EL","74EL","74EL","74EL","74EL","75V","75V","75V","75V","75V","75V","74EL","74EL","74EL","74EL","74EL","75V","74EL","74EL","74EL","74EL","74EL","74EL","74EL","74EL","74EL","74EL","74EL","74EL","74EL","74EL","74EL","178L","178L","178L","178L","178L","178M","178L","178L","178L","178L","178L","178L","178L","178L","178L","178L","178L","178L","178L","178L","","178L","178L","178L","178L","","178L","","178L","","178L","","","178L","","178L","","","178L","","178L","178M","","","","","","178L"
13,"oth","60Y","60Y","60Y","60Y","60Y","60Y","60Y","60Y","60Y","60Y","60Y","60Y","60Y","60Y","60Y","60Y","60Y","60Y","60Y","60Y","60Y","60Y","60Y","60Y","60Y","60S","60Y","60Y","60Y","60Y","60Y","60Y","60Y","60Y","60Y","60Y","60S","60Y","60Y","60Y","60Y","60Y","60Y","60Y","60Y","60Y","60Y","60Y","60Y","60Y","60Y","60Y","60Y","60Y","60Y","60S","60S","60S","60Y","60S","60Y","60Y","60Y","60Y","60Y","60Y","60Y","60Y","60Y","60Y","60Y","60Y","60Y","60Y","60Y","60Y","60Y","60Y","60Y","60Y","60Y","60Y","60H","60Y","60Y","60H","60Y","60Y","60H","60H","60H","60Y","60Y","60Y","60H","60Y","60Y","60Y","60Y","60Y","60H","60Y","60Y","60Y","60Y","60Y","60Y","60Y","60Y","60Y","60S","60S","60S","60S","60S","60S","60Y","60S","60S","60S","60S","60Y","60Y","60Y","60Y","60Y","60Y","60Y","60Y","60S","60Y","60Y","60Y","60Y","60Y","60Y","60H","60Y","60Y","60S","60S","60S","60S","60Y","60Y","60Y","60Y","60Y","60Y","60Y","60Y","60Y","60Y","60Y","60Y","60Y","60Y","60Y","60Y","60S","60Y","60Y","60Y","60Y","60Y","","","","","","","","","","","","","","","","","","","85VY","85VY","85VY","","","","","85VY","85VY","","85VY","","85VY","","","85VY","","","85VY","","85VY","","","","85VY","194Q","194R","194R","194R","194R","194R","194R","194R","194R","194R","194R","194R","194R","194R","194R","194R","194R","194R","*","194R","","","194Q","194R","","","","","","","","","","194R","","","","","","","","","","","","","",""
14,"oth","","","67I","","","","","","","","","67I","","","","","","","","","","","67F","","67I","67I","67F","67F","67I","67F","67F","67F","67F","67F","67F","67L","67F","67F","67L","67F","67I","67F","67F","67F","67F","","67L","67F","67F","67F","67L","67I","67F","67L","67I","67I","67F","67I","67I","67I","67I","67I","67I","67I","67F","67I","67F","67I","67I","67I","67F","67I","67F","67I","67I","67F","67I","67L","67F","67F","67I","67I","67L","","67L","67L","67L","","67L","67L","67L","67L","67L","67F","67I","","67L","","","67I","67L","67I","67I","67I","67F","67I","67F","67L","67F","67F","","","","","","","","","","","","","","","","","","","","","","67I","","","","","","67F","","","","","","67L","67L","67L","67L","67L","67L","67L","67F","67F","67F","67F","67F","67I","67I","67F","67I","67F","67F","67I","67I","67F","","","","","","","","","","","","","","","","","","","","","","","","","","","86G","86G","","86G","","86G","","","86G","","","86G","","86G","","","","86G","","","","","","","","","","","","","","","","","","","","","","","","","","","","","","","","","","","","","","","","","","","","","","","",""
15,"oth","","","","","","","","","","","","","","","","","","","","","","","","","","","","","","","","","","","","","70R","70R","70R","","","","","","","","","","","","70R","","","70R","","","","","","","","","","","","","","","70Q","","","","","","","","","","","","","","70R","","","70R","70R","","70R","70R","70R","70R","","","","","70R","","","70Q","70R","70Q","70Q","70Q","70Q","70Q","","","","","","","","","","","","","","","","","","","","","","","","","","70Q","","","","","","70Q","","","","","","70R","70R","70R","70R","70R","70R","70R","","","","","","70Q","","","70Q","70R","","70Q","70Q","70Q","","116V","116V","116V","116V","116V","116V","116V","116V","116V","116V","116V","116V","116V","116V","116V","116V","116V","116V","","","","","116V","116V","116V","116V","116V","116V","116V","116V","116V","116V","116V","116V","116V","116V","116V","116V","116V","116V","116V","116V","116V","","","","","","","","","","","","","","","","","","","","","","","","","","","","","","","","","","","","","","","","","","","","","","","",""
16,"oth","71R","71R","71E","71A","71K","71K","71K","71K","71K","71K","71K","71E","71R","71R","71R","71R","71R","71R","71K","71R","71R","71K","71R","71R","71R","71R","71R","71R","71R","71R","71R","71R","71R","71R","71R","71R","71R","71R","71R","71R","71E","71E","71R","71R","71R","71K","71R","71R","71R","71E","71R","71E","71R","71R","71R","71R","71R","71R","71R","71R","71E","71E","71K","71E","71R","71R","71R","71E","71A","71K","71R","71R","71R","71E","71E","71R","71E","71E","71R","71E","71E","71E","71R","71R","71R","71R","71R","71R","71R","71R","71R","71R","71R","71R","71E","71R","71R","71K","71R","71A","71R","71A","71A","71A","71A","71A","71R","71R","71R","71R","71K","71K","71K","71K","71K","71K","71K","71K","71K","71K","71K","71K","71K","71K","71K","71K","71K","71K","71K","71K","71K","71K","71K","71K","71K","71K","71K","71K","71K","71K","71K","71K","71K","71R","71R","71R","71R","71R","71R","71R","71R","71R","","71R","71R","71A","71R","71R","71A","71R","71R","71A","71A","71A","71R","","","","","","","","","","","","","","","","","","","","125SH","","","125GQ","125GQ","125GQ","125GQ","125GQ","125GQ","125GQ","125GQ","125GQ","125GQ","125GQ","125GQ","125GQ","125GQ","125GQ","125GQ","125GQ","125GQ","125GQ","125GQ","125GQ","","","","","","","","","","","","","","","","","","","","","","","","","","","","","","","","","","","","","","","","","","","","","","","",""
17,"oth","74A","74A","74A","74A","73G","73G","73G","73G","73G","73G","74A","74A","74E","74A","74A","74E","74E","74A","74A","74A","74E","74A","74A","74E","74L","73G","74L","74L","74L","74L","74A","74L","74L","74L","74L","74L","74E","74E","74A","74A","74A","74A","74A","74A","74A","73G","74A","74A","74A","74A","74A","74A","74A","74E","74A","74A","74A","74A","74A","74A","74A","74A","74A","74A","74A","74A","74A","74A","74A","74A","74A","74A","74A","74A","74A","74L","74A","74A","74A","74A","74A","74A","74E","74A","74L","74E","74E","74A","74E","74E","74E","74E","74L","74L","74A","74A","74E","74A","74A","74A","74E","74A","74A","74A","74A","74A","74A","74A","74L","74A","73G","73G","73G","73G","73G","73G","73G","73G","73G","73G","73G","73G","73G","73G","73G","73G","73G","73G","73G","73G","73G","73G","73G","73G","73G","73G","73G","73G","73G","73G","73G","73G","73G","74E","74E","74E","74E","74E","74E","74E","74A","74A","74A","74L","74A","74A","74A","74A","74A","74E","74A","74A","74A","74A","74A","130R","130R","130R","130R","130R","130R","130R","130R","130R","130R","130R","130R","130R","130R","130R","130R","130R","130R","130R","130R","130R","130R","130R","130R","130R","130Q","130Q","130Q","130Q","130Q","130Q","130Q","130Q","130Q","130Q","130Q","130Q","130Q","130Q","130Q","130Q","130Q","130Q","","","","","","","","","","","","","","","","","","","","","","","","","","","","","","","","","","","","","","","","","","","","","","","",""
18,"oth","","85A","","","","","","","","","","","","","","","","","","","","","","","","","","","","","","","","","","","","","","","","","","","85A","","","","","","","","","","","85A","85A","","85A","85A","","","","","","","","","","","","","","","","","","","","","","","","","","","","","","","","","","","","","","","","","","","","","","","","","","","","","","","","","","","","","","","","","","","","","","","","","","","","","","","","","","","","","","","","","","","","","","","","85A","","","","","","85A","","85A","85A","135D","135G","135G","135D","135D","135D","135D","135D","135D","135D","135D","135D","135D","135D","135D","135D","135D","135D","135D","135D","135D","135D","135D","135D","135D","135D","135D","135D","135D","135D","135D","135D","135D","135D","135D","135D","135D","135D","135D","135D","135D","135D","135D","","","","","","","","","","","","","","","","","","","","","","","","","","","","","","","","","","","","","","","","","","","","","","","",""
19,"oth","","","","85VV","85VV","","85VV","85VV","","85VV","","85VV","85VV","85VV","","85VV","","","","85VV","85VV","85VV","85VV","","85VV","","","","","85VV","","85VV","","85VV","","","","","","","85VV","85VV","85VV","","","85VV","","","","","85VV","","","85VV","","","","85VV","","","85VV","","","85VV","","85VV","","85VV","85VV","85VV","85VV","","","85VV","","85VV","85VV","85VV","","85VV","85VV","","85VV","","","85VV","85VV","85VV","","85VV","85VV","85VV","85VV","85VV","85VV","85VV","85VV","","85VV","","85VV","85VV","","85VV","85VV","85VV","","","","","","","","","","","","","","","","85VV","","","85VV","","","","","","","","","","","","","","","","85VV","85VV","","85VV","85VV","85VV","85VV","85VV","85VV","85VV","","","","","","","","","","","","","","","","167R","167R","167R","167H2","167R","167R","167H2","167R","167R","167R","167R","167H2","167H2","167R","167R","167R","167R","167R","167R","167R","167R","167R","167H2","167R","167R","167R","167R","167R","167R","167R","167R","167R","167R","167R","167R","167R","167R","167R","167R","167R","167R","167R","167R","","","","","","","","","","","","","","","","","","","","","","","","","","","","","","","","","","","","","","","","","","","","","","","",""
20,"oth","","","","","","","","","","","","","","","","","","","","","","","","","","96H","","","","","","","","","","","96H","96H","96Q","","","","","","","","","","","","","","","","","","","","","","","","","","","","","","","","","","","","","","","","","","","","","","","","","","","","","","","","","","","","","","","96Q","96Q","96Q","96Q","96Q","96Q","96Q","96Q","96Q","96H","96H","96H","96H","96H","96H","96H","96H","96H","96H","96H","96H","96H","96H","96H","96H","96H","96H","96H","96H","96H","96H","96H","96H","96H","96H","96H","96H","96H","96H","96H","96H","96H","96Q","96Q","96Q","96Q","96Q","96Q","96Q","","","","","","","","","","","","","","","","185T","185T","185T","185T","185I","185I","185T","185I","","","","185T","185T","","","","185I","185I","185T","185T","185T","185T","185T","185T","185T","185T","185T","185T","185T","185T","185T","185T","185T","185T","185T","185T","185T","185T","185T","185T","185T","185T","185T","","","","","","","","","","","","","","","","","","","","","","","","","","","","","","","","","","","","","","","","","","","","","","","",""
21,"oth","98K","98K","98K","98K","","","","","","","98E","98E","98E","98E","98E","98E","98E","98E","98E","98E","98E","98E","98E","98E","98E","98E","","","","","","","","","","","98E","98E","98K","","","","","","","","","","","","","","","","","","","","","","","","","","","","","","","","","","","","","","","","","","","","","","","","","","","","","","","","","","","","","","","98K","98K","98K","98K","98K","98K","98K","98K","98K","","","","","","","","","","","","","","","","","","","","","","","","","","","","","","","","","","98K","98K","98K","98K","98K","98K","98K","98K","98K","98K","98K","98K","98K","98K","98K","98K","98K","98K","98K","98K","98K","98K","","","","","","","","","","","","","","","","","","","","","","","","","","","","","","","","","","","","","","","","","","","","","","","","","","","","","","","","","","","","","","","","","","","","","","","","","","","","","","","","","","","","","","","","","","",""
22,"oth","120S","120S","120S","120S","120S","120S","120S","120S","120S","120S","120N","120N","120N","120N","120N","120N","120N","120N","120N","120N","120N","120N","120N","120N","120N","120S","120S","120S","120S","120S","120S","120S","120S","120S","120S","120S","120S","120S","120N","120S","120S","120S","120S","120S","120S","120S","120S","120S","120S","120S","120S","120S","120S","120S","120S","120S","120S","120S","120S","120S","120S","120S","120S","120S","120S","120S","120S","120S","120S","120S","120S","120S","120S","120S","120S","120S","120S","120S","120S","120S","120S","120S","120S","120S","120S","120S","120S","120S","120S","120S","120S","120S","120S","120S","120S","120S","120S","120S","120S","120S","120S","120S","120S","120S","120S","120S","120S","120S","120S","120S","120S","120S","120S","120S","120S","120S","120S","120S","120S","120S","120S","120S","120S","120S","120S","120S","120S","120S","120S","120S","120S","120S","120S","120S","120S","120S","120S","120S","120S","120S","120S","120S","120S","120N","120N","120N","120N","120N","120N","120N","120N","120N","120N","120N","120N","120N","120N","120N","120N","120N","120N","120N","120N","120N","120N","","","","","","","","","","","","","","","","","","","","","","","","","","","","","","","","","","","","","","","","","","","","","","","","","","","","","","","","","","","","","","","","","","","","","","","","","","","","","","","","","","","","","","","","","","",""
23,"oth","","","","","","","","","","","","","","","","","","","","","","","","","","","","","","","","","","","","","","","","","","","","","","","","","","","","","","","","","","","","183A","","","","","","","","","","","","","","","","","","","","","","","","","","","","","","","","","","","","","","","","","","","","","","","","","","","183A","183A","183A","183A","183A","","","","","183A","183A","164FR","","","","","","","","","","","","","","","","","","","","","","133RS","","","133RS","133RS","133RS","133RS","133RS","133RS","133RS","133RS","133RS","133RS","133RS","133RS","133RS","133RS","133RS","157I","157I","157I","157I","","","","","","","","","","","","","","","","","","","","","","","","","","","","","","","","","","","","","","","","","","","","","","","","","","","","","","","","","","","","","","","","","","","","","","","","","","","","","","","","","","","","","","","","","","",""
24,"oth","140AV","140AV","140AV","140AV","140TV","140TV","140TV","140TV","140TV","140TV","140TV","140TV","140TV","140TV","140TV","140TV","140TV","140TV","140TV","140TV","140TV","140TV","140TV","140TV","140TV","140AV","140TV","140TV","140TV","140TV","140TV","140TV","140TV","140TV","140TV","140TV","140AV","140AV","140TV","140TV","140TV","140TV","140TV","140TV","140TV","140TV","140TV","140TV","140TV","140TV","140TV","140TV","140TV","140TV","140TV","140TV","140TV","140TV","140TV","140TV","140TV","140TV","140TV","140TV","140TV","140TV","140TV","140TV","140TV","140TV","140TV","140TV","140TV","140TV","140TV","140TV","140TV","140TV","140TV","140TV","140TV","140TV","140TV","140TV","140TV","140TV","140TV","140TV","140TV","140TV","140TV","140TV","140TV","140TV","140TV","140TV","140TV","140TV","140TV","140TV","140TV","","","","","","","","","","140AV","140AV","140AV","140AV","140AV","140AV","140AV","140AV","140AV","140AV","140AV","140AV","140AV","140AV","140AV","140AV","140AV","140AV","140AV","140AV","140AV","140AV","140AV","140AV","140AV","140AV","140AV","140AV","140AV","140AV","140TV","140TV","140TV","140AV","140AV","140AV","140AV","140AV","140AV","140AV","140AV","140AV","140AV","140AV","140AV","140AV","140AV","140AV","140AV","140AV","140AV","140AV","140AV","140AV","140AV","","","","","","","","","","","","","","","","","","","","","","","","","","","","","","","","","","","","","","","","","","","","","","","","","","","","","","","","","","","","","","","","","","","","","","","","","","","","","","","","","","","","","","","","","","",""
25,"oth","149Q","149Q","149Q","149Q","149H","149H","149H","149H","149H","149H","149Q","149Q","149Q","149Q","149Q","149Q","149Q","149Q","149Q","149Q","149Q","149Q","149Q","149Q","149Q","149Q","149H","149H","149H","149H","149H","149H","149H","149H","149H","149H","149Q","149Q","149Q","149Q","149Q","149Q","149Q","149Q","149Q","149H","149H","149H","149H","149H","149H","149H","149H","149H","149H","149H","149H","149H","149H","149H","149H","149H","149H","149H","149H","149H","149H","149H","149H","149H","149H","149H","149H","149H","149H","149H","149H","149H","149H","149H","149H","149H","149H","149H","149H","149H","149H","149H","149H","149H","149H","149H","149H","149H","149H","149H","149H","149H","149H","149H","149H","149Q","149Q","149Q","149Q","149Q","149Q","149Q","149Q","149Q","149Q","149Q","149Q","149Q","149Q","149Q","149Q","149Q","149Q","149Q","149Q","149Q","149Q","149Q","149Q","149Q","149Q","149Q","149Q","149Q","149Q","149Q","149Q","149Q","149Q","149Q","149Q","149Q","149Q","149Q","149H","149H","149H","149Q","149Q","149Q","149Q","149Q","149Q","149Q","149Q","149Q","149Q","149Q","149Q","149Q","149Q","149Q","149Q","149Q","149Q","149Q","149Q","149Q","149Q","","","","","","","","","","","","","","","","","","","","","","","","","","","","","","","","","","","","","","","","","","","","","","","","","","","","","","","","","","","","","","","","","","","","","","","","","","","","","","","","","","","","","","","","","","",""
26,"oth","180V","180V","180V","180V","180V","180V","180V","180V","180V","180V","","","","","","","","","","","","","","","","","180V","180V","180V","180V","180V","180V","180V","180V","180V","180V","180V","180V","180V","180V","180V","180V","180V","180V","180V","180V","180V","180V","180V","180V","180V","180V","180V","180V","180V","180V","180V","180V","180V","180V","180V","180V","180V","180V","180V","180V","180V","180V","180V","180V","180V","180V","180V","180V","180V","180V","180V","180V","180V","180V","180V","180V","180V","180V","180V","180V","180V","180V","180V","180V","180V","180V","180V","180V","180V","180V","180V","180V","180V","180V","180V","180V","180V","180V","180V","180V","180V","180V","180V","180V","180V","180V","180V","180V","180V","180V","180V","180V","180V","180V","180V","180V","180V","180V","180V","180V","180V","180V","180V","180V","180V","180V","180V","180V","180V","180V","180V","180V","180V","180V","180V","180V","180V","","","","","","","","180V","180V","180V","180V","180V","180V","180V","180V","180V","180V","180V","180V","180V","180V","180V","","","","","","","","","","","","","","","","","","","","","","","","","","","","","","","","","","","","","","","","","","","","","","","","","","","","","","","","","","","","","","","","","","","","","","","","","","","","","","","","","","","","","","","","","","",""
27,"oth","181T","181T","181T","181T","181T","181T","181T","181T","181T","181T","181T","181T","181T","181T","181T","181T","181T","181T","181T","181T","181T","181T","181T","181T","181T","","181T","181T","181T","181T","181T","181T","181T","181T","181T","181T","","","","181T","181T","181T","181T","181T","181T","181T","181T","181T","181T","181T","181T","181T","181T","181T","181T","181T","181T","181T","181T","181T","181T","181T","181T","181T","181T","181T","181T","181T","181T","181T","181T","181T","181T","181T","181T","181T","181T","181T","181T","181T","181T","181T","181T","181T","181T","181T","181T","181T","181T","181T","181T","181T","181T","181T","181T","181T","181T","181T","181T","181T","181T","181T","181T","181T","181T","181T","181T","181T","181T","181T","181T","181T","181T","181T","181T","181T","181T","181T","181T","181T","181T","181T","181T","181T","181T","181T","181T","181T","181T","181T","181T","181T","181T","181T","181T","181T","181T","181T","181T","181T","181T","181T","181T","","","","","","","","181T","181T","181T","181T","181T","181T","181T","181T","181T","181T","181T","181T","181T","181T","181T","","","","","","","","","","","","","","","","","","","","","","","","","","","","","","","","","","","","","","","","","","","","","","","","","","","","","","","","","","","","","","","","","","","","","","","","","","","","","","","","","","","","","","","","","","",""
28,"oth","189R","189R","189R","189R","189R","189R","189R","189R","189R","189R","189R","189R","189R","189R","189R","189R","189R","189R","189R","189R","189R","189R","189R","189R","189R","189R","189S","189S","189S","189S","189S","189S","189S","189S","189S","189S","189R","189R","189R","189R","189R","189R","189R","189R","189R","189R","189R","189R","189R","189R","189R","189R","189R","189R","189R","189R","189R","189R","189R","189R","189R","189R","189R","189R","189R","189R","189R","189R","189R","189R","189R","189R","189R","189R","189R","189R","189R","189R","189R","189R","189R","189R","189R","189R","189R","189R","189R","189R","189R","189R","189R","189R","189R","189R","189R","189R","189R","189R","189R","189R","189R","189R","189R","189R","189R","189R","189R","189R","189R","189R","189R","189R","189R","189R","189R","189R","189R","189R","189R","189R","189R","189S","189S","189S","189S","189S","189S","189S","189S","189S","189S","189S","189S","189S","189S","189S","189S","189S","189S","189S","189R","189R","189R","189S","189S","189S","189S","189S","189S","189S","189R","189R","189R","189R","189R","189R","189R","189R","189R","189R","189R","189R","189R","189R","189R","","","","","","","","","","","","","","","","","","","","","","","","","","","","","","","","","","","","","","","","","","","","","","","","","","","","","","","","","","","","","","","","","","","","","","","","","","","","","","","","","","","","","","","","","","",""
