"index","type","DQA1*01:01","DQA1*01:02","DQA1*01:03","DQA1*01:04","DQA1*01:05","DQA1*01:06","DQA1*01:07","DQA1*02:01","DQA1*03:01","DQA1*03:02","DQA1*03:03","DQA1*04:01","DQA1*04:02","DQA1*04:04","DQA1*05:01","DQA1*05:02","DQA1*05:03","DQA1*05:04","DQA1*05:05","DQA1*06:01","DQA1*06:02","DPA1*01:03","DPA1*01:04","DPA1*01:05","DPA1*01:06","DPA1*01:07","DPA1*01:08","DPA1*02:01","DPA1*02:02","DPA1*02:03","DPA1*03:01","DPA1*03:02","DPA1*03:03","DPA1*04:01"
1,"AbV","","","","","","","","47KHL","","","","40GR","40GR","40GR","40GR","40GR","40GR","40GR","40GR","40GR","40GR","50QA","50QA","50QA","50QA","","","","","","50QA","50QA","50QA",""
2,"AbV","","","","","","","","","","","","47CL","47CL","47CL","47CL","47CL","47CL","47CL","47CL","47CL","47CL","","","","","","50RA","50RA","50RA","50RA","","","","50RA"
3,"AbV","","","","","","","","","","","","53QF","53QF","53QF","53QF","53QF","53QF","53QF","53QF","53QF","53QF","","","","","","","","","","","","",""
4,"AbV","","","","","","","","","","","","","","","75S","75S","75S","75S","75S","","","","","","","","","","","","","","",""
5,"AbV","","","","","","","","","","","","","","","163E","163E","163E","163E","163E","","","","","","","","","","","","","","",""
6,"AbV","","","","","","","","","","","","","","","175K","175K","175K","175K","175K","","","","","","","","","","","","","","",""
7,"AbV","","","","","","","","","25YS","25YS","25YS","","","","","","","","","","","","","","","","","","","","","","",""
8,"AbV","","","","","","","","","47QL","47QL","47QL","","","","","","","","","","","","","","","","","","","","","","",""
9,"AbV","","","","","","","","","52RR","52RR","52RR","","","","","","","","","","","","","","","","","","","","","","",""
10,"AbV","","","","","","","","40ERV","40ERV","40ERV","40ERV","","","","","","","","","","","","","","","","","","","","","","",""
1,"oth","2D","2D","2D","2G","2G","2G","2G","2D","2D","2D","2D","2D","2D","2D","2D","2D","2D","2D","2D","2D","2D","11A","11A","11A","11A","11A","11A","11A","11M","11A","11M","11M","11M","11A"
2,"oth","18F","18F","18F","18F","18F","18F","18F","18S","18S","18S","18S","18S","18S","18S","18S","18S","18S","18S","18S","18S","18S","18P","18P","18P","18P","18P","18P","18P","18P","18P","18P","18P","18P","18T"
3,"oth","25YT","25YT","25FT","25YT","25YT","25YT","25YT","25FT","","","","25YT","25YT","25YT","25YT","25YT","25YT","25YT","25YT","25FT","25FT","28E","28D","28E","28E","28E","28D","28E","28E","28E","28E","28E","28D","28D"
4,"oth","40ER","40ER","","40ER","40ER","40ER","40ER","40ER","40ER","40ER","40ER","","","","","","","","","","","31M","31M","31M","31Q","31M","31M","31Q","31Q","31M","31M","31M","31M","31M"
5,"oth","","","","","","","","45VL","45VL","45VL","45VL","45VL","45VL","45VL","45VL","45VL","45VL","45VL","45VL","45VL","45VL","","","","","50QT","","","","","","","",""
6,"oth","41RA","41RA","41KA","41RA","41RA","41RA","41RA","","","","","","","","","","","","","","","83T","83T","83A","83T","83T","83T","83A","83A","83A","83T","83T","83T","83A"
7,"oth","52SK","52SK","52SK","52SK","52SK","52SK","52SK","61FT","61FT","61FT","61FT","61FT","61FT","61FT","61FT","61FT","61FT","61FT","61FT","61FT","61FT","111K","111K","117K","117K","117K","117K","111R","111R","111R","111K","117K","117K","111K"
8,"oth","64RM","64RM","64RM","64RM","64RM","64RM","64RM","66IL","66IL","66IL","66IL","66IT","66IT","66IT","66IL","66IL","66IL","66IL","66IL","66IT","66IT","127L","127L","127L","127L","127L","127L","127P","127P","127P","127L","127L","127L","127P"
9,"oth","","","","","","","","75IL","","","","75IL","75IL","75IL","","","","","","75IL","75IL","160F","160F","160F","160F","160F","160F","160V","160V","160V","160F","160F","160F","160V"
10,"oth","75I","75I","75I","75I","75I","75I","75I","75I","75I","75I","75I","75I","75I","75I","","","","","","75I","75I","","","","","","","","","","","","",""
11,"oth","","","130A","","","","","76L","","","","76L","76L","76L","76L","76L","76L","76L","76L","76L","76L","","","","","","","","","","","","",""
12,"oth","80Y","80Y","80Y","80Y","80Y","80Y","80Y","80S","80S","80S","80S","80S","80S","80S","80S","80S","80S","80S","80S","80S","80S","","","","","","","","","","","","",""
13,"oth","130S","130S","129H","130S","130S","130S","130S","129H","129H","129H","129H","129H","129H","129H","129H","129H","129H","129H","129H","129H","129H","","","","","","","","","","","","",""
14,"oth","160AD","160AD","160AD","160AD","160AD","160AD","160AD","160AD","160AD","160D","160D","160AD","160AD","160AD","160AE","160AE","160S","160AE","160AE","160AD","160AD","","","","","","","","","","","","",""
15,"oth","163I","163I","163I","163I","163I","163I","163I","163I","163I","163I","163I","163I","163I","163I","","","","","","163I","163I","","","","","","","","","","","","",""
16,"oth","","","","","","","","175E","175E","175E","175E","175E","175E","175E","","","","","","175E","175E","","","","","","","","","","","","",""
17,"oth","187A","187A","187A","187A","187A","187A","187A","187A","187T","187T","187T","187A","187A","187A","187A","187A","187A","187A","187A","187A","187A","","","","","","","","","","","","",""
18,"oth","199A","199A","199A","199T","199T","199T","199T","199A","199A","199A","199A","199A","199A","199A","199A","199A","199A","199A","199A","199A","199A","","","","","","","","","","","","",""
